ID,Name
1,01. Basic Camo
2,02. Zancudo Camo
3,03. Sprayed Camo
4,04. 3 Color Outline
5,05. 90s Sandbox
6,06. Modern 5 Color
7,07. Arid Theater
8,08. Winter Camo
9,09. Urban Warrior
10,10. Nature Reserve
11,11. Naval Battle
12,12. Urban Geometric
13,13. Coyote Geometric
14,14. Large Geometric
15,15. Naval Geometric
16,16. Desert Fractal
17,17. Urban Fractal
18,18. Large Digital
19,19. Medium Digital
20,20. Small Digital
21,Skulls
22,Knuckleduster
23,Conveyor
24,Stars
25,TT. Tartan
26,Galaxy
27,Ch. Trees Camo
28,Ch. Candy Cane
29,Ch. It’s a Wrap
30,Ch. Deck the Halls
31,Cm. Pink & Green Camo
32,Cm. Yellow & Blue Camo
33,Cm. Orange Shade Camo
34,Cm. Blue & Green Camo
35,Hunting Camo
36,TT. Blue Tartan
37,Santo Capra Coins
38,Sessanta Nove Monogram
39,Sessanta Nove Multi-color
40,Dolla Dolla
41,Val de Grace
42,Yeti Camo
43,eCola
44,Ink Inc
45,Dusche Racing
46,Pisswasser Racing
47,Air Herler
48,Ron Racing
49,Space Rangers
50,Fleeca
51,Redwood
52,Fukaru Race
53,Stance Andreas
54,Tinkle
55,Kisama
56,Ragga Rum
57,Atomic Tires
58,Chepalle Motorsport
59,Dense Motorsport
60,Meinmacht
61,Xero 29
62,EXsorbeo 720
63,Vice City Mambas
64,Yogarishima
65,Sprunk
66,Junk Energy Drink
67,HSW
68,NOOSE
69,Princess Robot Bubblegum
70,Jackal Racing
71,FriedMind Therapeutics
72,Love Fist
73,Ghosts Exposed
74,Shiny Wasabi Kitty
75,P’s & Q’s
76,Rockstar Motorsport
77,FIB
78,Merryweather Security
79,QuickiePharm
80,Los Santos Customs
81,Downtown Cab Co
82,Los Santos County Sheriff
83,Obey & Servive
84,Police
85,Police White
86,Limited Gasoline
87,Coverup
88,23. Flame
89,21. Stripe Black
90,22. Stripe White
91,Kingdom
92,Patriot
93,Arrow Racing
94,Escalera
95,Estancia Tobacco
96,Jakey's Lager
97,Narc Racing
98,Olympian Motorsports
99,Air Emu
100,Team Lezard
101,Tenshun Motorsports
102,Fixup
103,Hardstand
104,FlyUs
105,Cerveza Barracho
106,Amigas
107,Celltowa
108,Demonoil
109,Globe Oil
110,Grotti
111,24. Sticker Bomb
112,25. Cardboard
